steps,time,reward,delta,converged
1,0.00036999999998954536,57.0,100.0,False
2,0.0003609999999980573,57.0,0,True
