steps,time,reward,delta,converged
1,0.010283999999998628,-1709.2578510407789,183.78214032855865,False
2,0.0148539999999997,4818.000735607533,116.35200000000003,False
3,0.014635000000000176,5345.049386152785,132.38269292962548,False
4,0.0150030000000001,5556.861684342525,105.90614890201849,False
5,0.014867999999999881,6277.362366037196,84.72491366750972,False
6,0.014977000000000018,6468.772868584725,67.7799254643738,False
7,0.014840000000001297,6621.901253713385,54.223934882453904,False
8,0.014898000000000522,6757.7300154683935,43.379142392654046,False
9,0.014910000000000423,6757.7300154683935,6.739986702086753e-06,True
