steps,time,reward,delta,converged
1,0.004396999999999984,-326.84266160901643,151.83225164491137,False
2,0.005486000000000324,744.8007390981074,47.34374850988388,False
3,0.005387999999999948,839.0936907972209,3.156247017905116,False
4,0.005516999999999328,842.2499348884448,1.578122016042471,False
5,0.005478000000000094,846.7870313730091,0.7890595123171806,False
6,0.005282000000000231,847.4774550683796,0.39452825486660004,False
7,0.0054160000000003095,847.8226638883352,0.19726261496543884,False
8,0.005365999999999538,847.99526527524,0.09862977266311646,False
9,0.005427000000000071,847.99526527524,2.9802322387695312e-06,True
