steps,time,reward,delta,converged
1,0.0010519999999998308,57.0,125.25,False
2,0.0010229999999999961,57.0,0,True
