steps,time,reward,delta,converged
1,0.0018220000000002123,0.6666666666666666,0.08333333333333331,False
2,0.0016559999999998798,0.6666666666666666,0,True
