steps,time,reward,delta,converged
1,0.010274000000000783,0.6666666666666666,0.08333333333333331,False
2,0.010291000000000494,0.6666666666666666,0,True
