steps,time,reward,delta,converged
1,0.0412789999999994,1.596896862121709,0.11810831592888693,False
2,0.06408100000000161,2.8505105946232163,0.00020614337132123656,False
3,0.06391499999999795,2.851392895850076,3.873487323934727e-06,False
4,0.06402299999999883,2.8513961516478363,3.873487323934727e-06,False
5,0.06392499999999757,2.8513962109155147,3.873487323934727e-06,False
6,0.0639429999999983,2.8513962324551203,3.873487323934727e-06,False
7,0.0642150000000008,2.851396235741006,3.873487323934727e-06,False
8,0.06411900000000159,2.851396235741006,3.873487323934727e-06,True
