steps,time,reward,delta,converged
1,0.020597999999999672,0.8303835587185884,0.09121959047900396,False
2,0.02261000000000024,0.9073158812229234,5.12556666666665e-07,False
3,0.02250500000000244,0.9073159119633899,5.12609999999993e-07,True
