steps,time,reward,delta,converged
1,0.004230999999997209,-326.84266160901643,151.83225164491137,False
2,0.005164999999998088,744.8007390981074,47.34374850988388,False
3,0.005009999999998627,839.0936907972209,3.156247017905116,False
4,0.005068000000001405,842.2499348884448,1.578122016042471,False
5,0.005062999999999818,846.7870313730091,0.7890595123171806,False
6,0.005082000000001585,847.4774550683796,0.39452825486660004,False
7,0.005127999999999133,847.8226638883352,0.19726261496543884,False
8,0.005138999999999783,847.99526527524,0.09862977266311646,False
9,0.0051569999999969696,847.99526527524,2.9802322387695312e-06,True
