steps,time,reward,delta,converged
1,0.0010449999999977422,57.0,125.25,False
2,0.0009950000000031878,57.0,0,True
