steps,time,reward,delta,converged
1,0.0029189999999985616,-98.20141152379979,138.91254629212534,False
2,0.003373000000003401,301.3466581740454,12.880529569532788,False
3,0.00332000000000221,313.22901491420276,0.10518367071131718,False
4,0.003325000000003797,313.29212426775393,0.031554670595091094,False
5,0.0033389999999968722,313.3340975090324,0.009465970207670704,False
6,0.003276999999997088,313.3379419230173,0.0028393589162689636,False
7,0.003266000000003544,313.3390946010165,0.0008513716115967629,False
8,0.003327999999996223,313.3394370188237,0.00025496236268995887,False
9,0.0032500000000013074,313.3394370188237,1.4348907058092664e-06,True
