steps,time,reward,delta,converged
1,0.0019439999999946167,18.439086222500833,129.25732308214725,False
2,0.002237999999998408,111.38138144359404,1.1221099900000002,False
3,0.002189999999998804,111.64170089003848,0.00011221111110004678,False
4,0.00219200000000086,111.6417233124828,1.1211110999997942e-05,False
5,0.0021789999999981546,111.6417271367259,1.1111100000071872e-06,False
6,0.002192999999998335,111.641727247937,1.0109999992735652e-07,False
7,0.0021959999999978663,111.641727247937,1.000000082740371e-07,False
8,0.002197000000002447,111.641727248048,1.000000082740371e-07,False
9,0.0021750000000011482,111.641727248048,1.000000082740371e-07,True
