steps,time,reward,delta,converged
1,0.0006110000000063565,0.6666666666666666,0.3333333333333333,False
2,0.0005939999999995393,0.6666666666666666,0,True
