steps,time,reward,delta,converged
1,0.0037779999999969505,0.6666666666666666,0.3333333333333333,False
2,0.003720000000001278,0.6666666666666666,0,True
